"","batch","initial # of entries","de-duplicated # of entries","% records kept"
"1","biocrust",8846,3098,35.021478634411
"2","bryophyte",10070,5521,54.8262164846077
"3","liverwort",8572,4677,54.5613625758283
"4","moss",12202,8344,68.3822324209146
"5","nonvascular",13345,8460,63.3945297864369
"6","peat",11672,8251,70.690541466758
"7","pleurozium",7774,3555,45.7293542577823
"8","sphagnum",8396,4789,57.0390662220105
"9","syntrichia",5843,1992,34.0920759883621
